channel,coefficient,impactable%,impactable_sensors,spend,saturation,power
hcp_calls,0.407829134,23.1718348,1022797.373,10887652,log,
hcp_samples,0.015410718,0.945532641,41735.5082,707185,log,
hcp_website,0.000666792,0.022110138,975.9344262,74415,log,
dtc_tv,0.069935194,2.593403709,114472.0098,1837577,log,
dtc_social,0.014921654,1.440030495,63562.48525,445668,log,
